"site_id","building_id","primary_use","square_feet","floor_count","row_id","year_built","latent_y","latent_s","latent_r"
2,165,Warehouse,3877,1,166,1982,18,3.5884957,3
2,229,Education,140092,1,230,1999,1,5.1464133,3
1,121,Education,150318,9,122,1913,87,4.2227683,2
8,871,Entertainment,1536,1,872,1974,26,3.186391,4
9,939,Residential,8051,1,940,1980,20,3.90585,4
5,675,Industrial,3853,1,676,1983,17,3.585799,4
3,311,Education,50000,1,312,1935,65,4.69897,3
8,870,Entertainment,755,1,871,1993,7,2.8779469,4
2,254,Entertainment,254766,1,255,1996,4,5.4061413,3
15,1422,Residential,19876,1,1423,1939,61,4.298329,4
6,747,Education,30531,1,748,1994,6,4.484741,4
0,59,Entertainment,81337,1,60,2012,12,4.9102883,2
3,430,Community,23918,1,431,1986,14,4.378725,3
9,979,Entertainment,52357,1,980,2009,9,4.7189746,4
2,157,Office,5258,1,158,1967,33,3.7208207,3
13,1181,Education,60606,1,1182,2004,4,4.7825155,4
4,597,Community,189425,4,598,2001,1,4.675375,3
13,1176,Education,142672,1,1177,1989,11,5.154339,4
9,927,Residential,745671,1,928,1979,21,5.872547,4
15,1396,Residential,96336,1,1397,1920,80,4.9837885,4
3,424,Community,32527,1,425,1972,28,4.512244,3
2,223,Education,261188,1,224,2022,22,5.416953,3
13,1183,Entertainment,166856,1,1184,1973,27,5.222342,4
13,1220,Community,381221,1,1221,1978,22,5.5811768,4
2,158,Office,10135,1,159,1995,5,4.0058236,3
9,908,Education,91254,1,909,2016,16,4.960252,4
1,129,Residential,102957,7,130,1975,25,4.1675534,2
14,1306,Residential,54172,1,1307,1994,6,4.7337747,4
4,615,Education,153700,7,616,1997,3,4.341573,3
2,247,Education,64560,1,248,1972,28,4.8099637,3
2,272,Education,4583,1,273,2011,11,3.6611497,3
3,295,Education,83400,1,296,1949,51,4.921166,3
0,21,Office,7043,1,22,1997,3,3.8477576,1
8,833,Community,6392,1,834,1985,15,3.805637,4
4,620,Education,220703,9,621,2018,18,4.389556,3
10,1003,Education,94751,3,1004,1993,7,4.4994535,4
14,1295,Office,115676,1,1296,2021,21,5.0632434,4
14,1291,Office,237546,1,1292,2017,17,5.3757477,4
4,601,Entertainment,11910,2,602,1910,90,3.7748818,3
5,691,Office,42647,1,692,1983,17,4.6298885,4
6,769,Education,77263,1,770,1995,5,4.8879714,4
4,572,Education,94175,9,573,1971,29,4.019656,3
5,714,Education,8730,1,715,1983,17,3.9410143,4
4,584,Education,137806,8,585,1974,26,4.2361593,3
3,379,Entertainment,7675,1,380,2012,12,3.8850784,3
3,396,Community,16768,1,397,1987,13,4.224481,3
15,1448,Office,92271,1,1449,2008,8,4.965065,4
13,1102,Office,87187,1,1103,2021,21,4.9404516,4
6,770,Education,80325,1,771,1979,21,4.904851,4
0,95,Residential,200933,1,96,2013,13,5.3030515,2
13,1207,Healthcare,74443,1,1208,1993,7,4.871824,4
14,1250,Education,232139,1,1251,1994,6,5.365748,4
13,1169,Education,155439,1,1170,2001,1,5.19156,4
2,215,Residential,36406,1,216,1947,53,4.561173,3
3,390,Office,34400,1,391,1984,16,4.5365586,3
2,186,Religious,1629,1,187,1955,45,3.211921,3
3,463,Community,25000,1,464,2016,16,4.39794,3
13,1089,Office,62837,1,1090,1988,12,4.7982154,4
4,609,Education,141461,6,610,1914,86,4.37247,3
3,426,Education,101400,1,427,1937,63,5.006038,3
13,1214,Office,195437,1,1215,2005,5,5.2910066,4
1,146,Office,31614,8,147,1963,37,3.596707,2
13,1170,Office,59476,1,1171,1978,22,4.7743416,4
6,748,Office,32766,1,749,2010,10,4.5154233,4
13,1110,Office,27145,1,1111,1979,21,4.43369,4
9,938,Residential,11227,1,939,1993,7,4.050264,4
1,105,Education,50623,5,106,1974,26,4.005352,2
3,384,Office,13728,1,385,2010,10,4.137607,3
9,911,Education,239638,1,912,1996,4,5.3795557,4
1,123,Education,61204,6,124,1996,4,4.0086,2
0,73,Parking,387638,1,74,2015,15,5.588426,2
1,112,Education,32206,6,113,2008,8,3.7297316,2
10,1012,Education,23112,2,1013,1991,9,4.0628076,4
8,808,Other,9357,1,809,2011,11,3.9711366,4
3,292,Community,33743,1,293,1997,3,4.5281835,3
14,1324,Entertainment,84688,1,1325,1975,25,4.927822,4
4,626,Community,130581,5,627,1977,23,4.416907,3
3,395,Community,8925,1,396,1919,81,3.9506083,3
14,1247,Restaurant,69876,1,1248,2023,23,4.844328,4
2,263,Education,87673,1,264,1967,33,4.942866,3
2,183,Education,132518,1,184,1999,1,5.122275,3
2,184,Education,34171,1,185,1975,25,4.5336576,3
1,126,Education,21539,5,127,2011,11,3.6341748,2
0,26,Office,26953,1,27,2012,12,4.4306073,1
8,864,Community,16584,1,865,1993,7,4.2196894,4
14,1240,Community,73277,1,1241,2021,21,4.864968,4
1,143,Office,40085,4,144,1985,15,4.000911,2
15,1437,Education,111518,1,1438,1975,25,5.047345,4
8,860,Other,12259,1,861,2021,21,4.088455,4
12,1057,Education,26372,4,1058,1984,16,3.819083,4
13,1203,Residential,138602,1,1204,2020,20,5.1417694,4
9,904,Education,29961,1,905,2016,16,4.4765563,4
8,869,Entertainment,875000,1,870,2019,19,5.942008,4
3,370,Entertainment,15960,1,371,2012,12,4.203033,3
15,1410,Office,11524,1,1411,2001,1,4.061603,4
3,334,Education,57100,1,335,1967,33,4.756636,3
8,828,Other,102994,1,829,1998,2,5.012812,4
14,1309,Residential,58041,1,1310,1989,11,4.763735,4
7,803,Education,182986,3,804,1969,31,4.785294,4
9,996,Education,77632,1,997,1976,24,4.890041,4
0,51,Parking,387638,1,52,2021,21,5.588426,2
4,598,Community,68701,4,599,1937,63,4.2348967,3
14,1242,Office,23871,1,1243,1991,9,4.3778706,4
14,1266,Community,13469,1,1267,2021,21,4.1293354,4
14,1301,Education,62242,1,1302,1994,6,4.7940836,4
2,214,Education,91273,1,215,1958,42,4.9603424,3
15,1408,Entertainment,28760,1,1409,2014,14,4.458789,4
0,32,Office,48392,1,33,2012,12,4.6847734,2
1,145,Office,14219,4,146,2020,20,3.5507174,2
12,1038,Technology,9838,1,1039,1978,22,3.9929068,4
8,873,Office,40142,1,874,2022,22,4.603599,4
3,507,Education,61151,1,508,1982,18,4.7864037,3
15,1389,Entertainment,17104,1,1390,1960,40,4.2330976,4
3,434,Education,39500,1,435,1980,20,4.596597,3
13,1078,Entertainment,80438,1,1079,1987,13,4.9054613,4
10,1019,Entertainment,39788,5,1020,2004,4,3.9007494,4
13,1163,Parking,83919,1,1164,2022,22,4.92386,4
6,775,Office,104355,1,776,1968,32,5.018513,4
0,39,Office,64619,1,40,1976,24,4.8103604,2
15,1370,Education,4773,1,1371,2017,17,3.6787915,4
15,1381,Office,84615,1,1382,1970,30,4.9274473,4
3,420,Community,81397,1,421,2011,11,4.9106083,3
8,831,Entertainment,4065,1,832,1967,33,3.6090605,4
15,1329,Technology,60100,1,1330,1919,81,4.7788744,4
5,742,Entertainment,31829,2,743,1983,17,4.2017794,4
15,1338,Education,31415,1,1339,1919,81,4.497137,4
13,1178,Education,133072,1,1179,2022,22,5.124087,4
3,428,Entertainment,1396,1,429,2017,17,3.1448853,3
12,1053,Office,21582,1,1054,2013,13,4.3340917,4
3,499,Education,376507,1,500,2018,18,5.5757732,3
0,47,Retail,31666,1,48,2015,15,4.500593,2
6,761,Entertainment,52534,1,762,1970,30,4.7204404,4
3,293,Office,408000,1,294,2017,17,5.61066,3
8,849,Community,6448,1,850,1996,4,3.809425,4
8,825,Community,3592,1,826,1978,22,3.5553362,4
9,924,Entertainment,252268,1,925,2009,9,5.401862,4
14,1263,Education,97838,1,1264,2020,20,4.9905076,4
6,772,Residential,87661,1,773,1997,3,4.9428062,4
4,594,Education,177281,7,595,1971,29,4.4035497,3
3,440,Community,35033,1,441,1969,31,4.5444775,3
9,987,Education,166395,1,988,1980,20,5.2211404,4
3,448,Office,328760,1,449,1911,89,5.516879,3
4,578,Residential,71994,4,579,2011,11,4.255224,3
1,122,Education,83043,6,123,1998,2,4.141136,2
6,757,Education,46813,1,758,1970,30,4.6703663,4
3,340,Entertainment,1843,1,341,1968,32,3.2655253,3
5,700,Education,11464,1,701,1983,17,4.059336,4
5,733,Education,96929,3,734,1973,27,4.5093236,4
8,806,Other,28693,2,807,1998,2,4.1567307,4
3,525,Community,9062,1,526,2000,0,3.9572241,3
13,1180,Education,95182,1,1181,2000,0,4.9785547,4
9,913,Entertainment,503634,1,914,1992,8,5.702115,4
4,574,Education,56343,4,575,1912,88,4.148757,3
15,1423,Residential,18277,1,1424,1972,28,4.2619047,4
13,1099,Education,332884,1,1100,2004,4,5.522293,4
4,606,Utility,23432,2,607,2006,6,4.0687795,3
14,1321,Entertainment,370024,1,1322,2011,11,5.5682297,4
8,821,Other,2555,1,822,1996,4,3.4073908,4
4,625,Education,55516,5,626,1985,15,4.04544,3
13,1076,Residential,117054,1,1077,1971,29,5.068386,4
14,1317,Entertainment,180806,1,1318,1966,34,5.2572126,4
13,1116,Services,11681,1,1117,2023,23,4.06748,4
13,1222,Residential,187174,1,1223,2001,1,5.2722454,4
4,566,Education,2010,1,567,1964,36,3.303196,3
2,271,Education,71421,1,272,1993,7,4.853826,3
15,1339,Education,140488,1,1340,1968,32,5.1476393,4
13,1161,Office,53077,1,1162,1982,18,4.7249064,4
5,735,Education,155807,2,736,2020,20,4.8915544,4
9,976,Education,59498,1,977,1974,26,4.7745023,4
3,368,Retail,16500,1,369,1967,33,4.217484,3
5,729,Education,17190,2,730,1926,74,3.9342458,4
0,49,Residential,24456,1,50,1975,25,4.3883853,2
3,455,Healthcare,29192,1,456,2021,21,4.465264,3
0,16,Education,54644,1,17,2003,3,4.7375426,1
10,999,Education,113580,2,1000,1973,27,4.754272,4
14,1245,Healthcare,35354,1,1246,2002,2,4.5484385,4
4,591,Entertainment,59326,1,592,1939,61,4.773245,3
9,884,Education,38598,1,885,2004,4,4.586565,4
15,1388,Healthcare,45465,1,1389,1997,3,4.657677,4
0,18,Education,111891,1,19,2003,3,5.048795,1
15,1326,Office,46981,1,1327,1969,31,4.671922,4
9,881,Entertainment,344798,1,882,2005,5,5.5375648,4
2,176,Education,62238,1,177,1977,23,4.7940555,3
0,87,Entertainment,6412,1,88,2013,13,3.8069935,2
6,776,Office,104667,1,777,1993,7,5.0198097,4
0,27,Residential,59200,1,28,2006,6,4.7723217,1
3,433,Entertainment,23055,1,434,1966,34,4.3627653,3
14,1249,Office,159384,1,1250,2006,6,5.2024446,4
5,698,Education,13939,1,699,1983,17,4.144232,4
8,858,Other,1566,1,859,2012,12,3.1947918,4
0,55,Office,16726,1,56,2018,18,4.223392,2
3,418,Entertainment,86120,1,419,1933,67,4.935104,3
3,513,Community,112283,1,514,1976,24,5.050314,3
5,676,Industrial,90697,2,677,1983,17,4.656558,4
4,605,Education,51020,5,606,1931,69,4.0087705,3
3,480,Office,30000,1,481,2011,11,4.4771214,3
14,1258,Education,273234,1,1259,1975,25,5.436535,4
9,902,Education,14561,1,903,1996,4,4.1631913,4
10,1011,Education,65144,4,1012,1966,34,4.2118144,4
5,728,Education,30300,2,729,1973,27,4.180413,4
2,182,Entertainment,1022,1,183,2010,10,3.009451,3
4,577,Education,113589,3,578,1965,35,4.578215,3
15,1403,Residential,78438,1,1404,2011,11,4.8945265,4
13,1188,Office,37096,1,1189,2017,17,4.569327,4
0,0,Education,7432,1,1,2015,15,3.8711057,0
3,505,Warehouse,51622,1,506,1982,18,4.712835,3
15,1424,Residential,24103,1,1425,1971,29,4.382071,4
15,1409,Residential,48881,1,1410,1909,91,4.6891403,4
2,277,Education,12761,1,278,1916,84,4.1058846,3
14,1224,Office,23481,1,1225,2022,22,4.3707166,4
3,464,Community,9816,1,465,2004,4,3.9919345,3
3,520,Office,27600,1,521,2006,6,4.440909,3
3,504,Warehouse,112536,1,505,1994,6,5.0512915,3
8,829,Warehouse,15879,1,830,1966,34,4.2008233,4
0,82,Office,10743,1,83,1981,19,4.0311255,2
12,1062,Education,65843,1,1063,2016,16,4.8185096,4
3,444,Community,12945,1,445,1967,33,4.112102,3
6,758,Residential,47007,1,759,2014,14,4.6721625,4
3,359,Community,4925,1,360,1985,15,3.6924062,3
0,52,Education,106523,1,53,1977,23,5.0274434,2
13,1107,Education,184098,1,1108,1996,4,5.265049,4
3,467,Community,47439,1,468,1995,5,4.6761355,3
13,1193,Office,106511,1,1194,1966,34,5.0273943,4
6,754,Office,41337,1,755,1986,14,4.6163387,4
3,503,Other,10762,1,504,2011,11,4.031893,3
14,1286,Healthcare,205472,1,1287,2016,16,5.3127527,4
13,1114,Other,64810,1,1115,1993,7,4.811642,4
5,721,Education,121471,3,722,1973,27,4.607348,4
13,1211,Office,94988,1,1212,1969,31,4.977669,4
15,1447,Residential,29775,1,1448,2008,8,4.4738517,4
13,1165,Office,28991,1,1166,1997,3,4.462263,4
3,484,Community,18000,1,485,2015,15,4.2552724,3
5,707,Education,11270,1,708,1983,17,4.0519238,4
3,349,Community,45098,1,350,2007,7,4.654157,3
5,731,Education,29149,2,732,1926,74,4.163579,4
13,1074,Office,89858,1,1075,1990,10,4.9535565,4
2,236,Entertainment,144086,1,237,1996,4,5.158622,3
14,1307,Residential,66013,1,1308,1974,26,4.8196297,4
15,1384,Education,56969,1,1385,1974,26,4.7556386,4
0,90,Residential,59200,1,91,2006,6,4.7723217,2
13,1095,Education,32256,1,1096,2008,8,4.5086107,4
13,1100,Residential,174924,1,1101,1972,28,5.2428493,4
3,354,Education,77500,1,355,1992,8,4.889302,3
1,130,Residential,62893,16,131,1967,33,3.5943925,2
3,298,Entertainment,39541,1,299,1979,21,4.597048,3
15,1402,Residential,133594,1,1403,1968,32,5.125787,4
3,301,Community,51176,1,302,2014,14,4.7090664,3
5,672,Industrial,6329,2,673,1926,74,3.5002365,4
8,838,Community,18414,1,839,2013,13,4.265148,4
9,940,Residential,8079,1,941,1971,29,3.9073577,4
14,1315,Entertainment,82789,1,1316,1968,32,4.9179726,4
5,683,Office,4650,2,684,1983,17,3.366423,4
13,1127,Office,87131,1,1128,2013,13,4.9401727,4
15,1436,Industrial,11302,1,1437,1944,56,4.0531554,4
3,536,Entertainment,1962,1,537,1978,22,3.292699,3
14,1308,Residential,62279,1,1309,1968,32,4.7943416,4
2,241,Entertainment,51999,1,242,1981,19,4.715995,3
4,590,Education,8516,2,591,1927,73,3.6292057,3
14,1269,Healthcare,56388,1,1270,2000,0,4.751187,4
3,399,Education,180000,1,400,1946,54,5.2552724,3
13,1187,Office,121714,1,1188,2017,17,5.0853405,4
15,1387,Office,187041,1,1388,1980,20,5.271937,4
14,1260,Office,86455,1,1261,2022,22,4.93679,4
2,166,Residential,553210,1,167,2016,16,5.74289,3
0,29,Education,113866,1,30,2013,13,5.056394,1
9,874,Office,181805,1,875,1966,34,5.259606,4
14,1259,Education,71088,1,1260,1981,19,4.851796,4
14,1303,Healthcare,200000,1,1304,1974,26,5.30103,4
15,1346,Education,34875,1,1347,2000,0,4.5425143,4
12,1059,Entertainment,116186,1,1060,1978,22,5.0651536,4
13,1143,Office,96612,1,1144,1997,3,4.985031,4
3,400,Community,19315,1,401,1989,11,4.285895,3
1,117,Education,15489,4,118,2011,11,3.5879354,2
5,709,Education,23067,2,710,1983,17,4.061942,4
3,310,Community,22000,1,311,1993,7,4.3424225,3
8,868,Community,60000,1,869,1997,3,4.778151,4
8,813,Community,5630,1,814,1972,28,3.7505083,4
1,144,Office,57673,5,145,2021,21,4.06198,2
12,1067,Education,125701,1,1068,1995,5,5.0993385,4
13,1085,Education,58377,1,1086,1967,33,4.7662416,4
3,372,Education,49100,1,373,1918,82,4.6910815,3
13,1217,Education,73044,1,1218,2010,10,4.8635845,4
3,450,Education,116872,1,451,1938,62,5.0677104,3
14,1251,Education,104604,1,1252,1984,16,5.0195484,4
3,476,Entertainment,1102,1,477,1974,26,3.0421815,3
14,1318,Entertainment,73488,1,1319,1993,7,4.8662167,4
0,58,Residential,83379,1,59,2020,20,4.9210567,2
3,489,Education,85039,1,490,1932,68,4.9296184,3
2,216,Education,137065,1,217,1971,29,5.1369267,3
14,1298,Education,171084,1,1299,2000,0,5.2332096,4
3,306,Education,51500,1,307,1938,62,4.7118073,3
3,374,Residential,350000,1,375,1956,44,5.544068,3
0,40,Entertainment,26944,1,41,2008,8,4.430462,2
1,110,Education,27814,8,111,2013,13,3.5410798,2
2,212,Education,327256,1,213,2019,19,5.514888,3
5,685,Office,270034,5,686,1983,17,4.732442,4
3,344,Education,77500,1,345,1949,51,4.889302,3
2,249,Entertainment,179449,1,250,1983,17,5.253941,3
15,1336,Office,31053,1,1337,1922,78,4.4921036,4
5,679,Community,43400,3,680,1983,17,4.1603484,4
13,1206,Office,99946,1,1207,1995,5,4.9997654,4
3,389,Education,57165,1,390,2021,21,4.75713,3
3,362,Community,21368,1,363,1998,2,4.329764,3
13,1196,Entertainment,57201,1,1197,1973,27,4.757404,4
0,56,Residential,60088,1,57,2020,20,4.7787876,2
9,888,Entertainment,137522,1,889,1972,28,5.138372,4
13,1151,Office,267536,1,1152,2016,16,5.427382,4
14,1310,Residential,57274,1,1311,2022,22,4.7579575,4
2,256,Education,16744,1,257,2003,3,4.2238593,3
15,1355,Education,50567,1,1356,2003,3,4.703867,4
2,204,Residential,30949,1,205,1958,42,4.490647,3
3,550,Community,16000,1,551,2021,21,4.20412,3
3,425,Warehouse,202829,1,426,1990,10,5.30713,3
8,812,Entertainment,9894,1,813,1993,7,3.9953718,4
3,332,Education,90400,1,333,1975,25,4.9561687,3
0,93,Office,33370,1,94,1989,11,4.5233564,2
9,991,Education,57811,1,992,2000,0,4.7620106,4
12,1046,Education,201350,1,1047,1999,1,5.3039517,4
0,81,Other,3025,1,82,1986,14,3.4807253,2
9,946,Education,177216,1,947,1991,9,5.2485027,4
8,846,Entertainment,481,1,847,1976,24,2.682145,4
9,921,Entertainment,262162,1,922,2007,7,5.4185696,4
14,1313,Healthcare,68637,1,1314,2020,20,4.8365583,4
3,412,Education,110000,1,413,2017,17,5.041393,3
13,1121,Education,85732,1,1122,1967,33,4.933143,4
15,1427,Education,180625,1,1428,1940,60,5.256778,4
15,1332,Education,47398,1,1333,1919,81,4.67576,4
14,1241,Healthcare,194188,1,1242,1973,27,5.2882223,4
3,377,Community,12506,1,378,1983,17,4.0971184,3
14,1304,Office,91363,1,1305,1974,26,4.96077,4
10,1016,Other,10103,1,1017,1974,26,4.0044503,4
3,346,Entertainment,17709,1,347,1970,30,4.248194,3
14,1243,Healthcare,237704,1,1244,2010,10,5.3760366,4
1,119,Education,91149,7,120,2014,14,4.1146445,2
13,1164,Office,249457,1,1165,1981,19,5.3969955,4
3,333,Education,59900,1,334,1969,31,4.7774267,3
0,43,Retail,59071,1,44,1987,13,4.771374,2
13,1221,Office,29062,1,1222,2015,15,4.4633255,4
8,853,Entertainment,26495,1,854,1997,3,4.423164,4
0,2,Education,5376,1,3,1998,2,3.7304592,0
9,894,Education,101555,1,895,2018,18,5.0067015,4
7,801,Education,484376,5,802,1959,41,4.986212,4
9,906,Residential,39649,1,907,2008,8,4.5982323,4
6,746,Office,17879,1,747,2009,9,4.252343,4
14,1239,Office,31300,1,1240,1999,1,4.4955444,4
0,70,Parking,387638,1,71,2014,14,5.588426,2
3,542,Education,66900,1,543,1976,24,4.825426,3
13,1173,Industrial,13091,1,1174,2003,3,4.116973,4
14,1288,Education,164206,1,1289,1989,11,5.2153893,4
5,677,Community,7072,2,678,1926,74,3.5485122,4
5,690,Office,19429,2,691,1952,48,3.9873981,4
9,898,Community,64749,1,899,2016,16,4.811233,4
9,883,Education,399331,1,884,2022,22,5.601333,4
3,510,Community,4581,1,511,1987,13,3.6609602,3
2,211,Education,48411,1,212,2007,7,4.684944,3
5,665,Entertainment,8773,1,666,1973,27,3.9431481,4
2,245,Education,88486,1,246,2004,4,4.9468746,3
9,880,Education,157723,1,881,1984,16,5.197895,4
3,351,Education,58908,1,352,1917,83,4.7701745,3
2,228,Residential,49108,1,229,1958,42,4.691152,3
15,1386,Entertainment,82035,1,1387,1982,18,4.913999,4
10,1020,Entertainment,22101,2,1021,2021,21,4.043362,4
15,1349,Industrial,7919,1,1350,1977,23,3.8986704,4
15,1371,Community,50577,1,1372,1963,37,4.7039533,4
4,638,Education,7900,4,639,1930,70,3.295567,4
4,628,Education,40706,3,629,1965,35,4.132516,3
15,1367,Education,33695,1,1368,1955,45,4.5275655,4
3,404,Community,5783,1,405,1991,9,3.7621531,3
0,48,Other,9569,1,49,1996,4,3.9808667,2
5,727,Education,139113,3,728,1983,17,4.6662464,4
13,1202,Office,16805,1,1203,1984,16,4.2254386,4
13,1090,Office,305047,1,1091,2006,6,5.484367,4
13,1082,Office,57394,1,1083,1994,6,4.7588663,4
9,917,Education,237702,1,918,2005,5,5.376033,4
6,787,Residential,278795,1,788,2017,17,5.445285,4
0,89,Retail,161755,1,90,2003,3,5.2088575,2
3,296,Community,22000,1,297,2002,2,4.3424225,3
15,1418,Residential,41302,1,1419,1982,18,4.615971,4
5,697,Education,18697,2,698,1926,74,3.9707186,4
13,1154,Residential,262156,1,1155,2002,2,5.41856,4
15,1351,Office,40611,1,1352,2006,6,4.6086435,4
9,958,Entertainment,234819,1,959,2020,20,5.3707333,4
3,446,Community,43992,1,447,2017,17,4.6433735,3
13,1117,Office,111424,1,1118,1994,6,5.046979,4
3,456,Community,14125,1,457,1985,15,4.1499887,3
9,971,Residential,301307,1,972,2013,13,5.479009,4
3,454,Community,16576,1,455,1939,61,4.2194796,3
3,352,Education,144900,1,353,1995,5,5.1610684,3
2,198,Office,163959,1,199,2011,11,5.214735,3
3,378,Community,35241,1,379,1985,15,4.547048,3
3,516,Community,9000,1,517,1997,3,3.9542425,3
15,1446,Entertainment,11265,1,1447,2004,4,4.051731,4
2,234,Education,179167,1,235,1978,22,5.253258,3
0,67,Residential,24456,1,68,1975,25,4.3883853,2
13,1179,Entertainment,143228,1,1180,1981,19,5.156028,4
13,1123,Office,92994,1,1124,1994,6,4.968455,4
13,1158,Community,294812,1,1159,1967,33,5.4695454,4
14,1248,Office,78002,1,1249,2006,6,4.8921056,4
6,771,Residential,82911,1,772,2018,18,4.918612,4
15,1401,Residential,168791,1,1402,1953,47,5.2273493,4
0,69,Parking,387638,1,70,2007,7,5.588426,2
3,561,Office,295000,1,562,1997,3,5.469822,3
6,751,Office,37485,1,752,1967,33,4.5738573,4
0,1,Education,2720,1,2,2011,11,3.434569,0
13,1182,Warehouse,66585,1,1183,2019,19,4.823376,4
3,544,Community,110800,1,545,1979,21,5.04454,3
4,588,Education,21866,4,589,1918,82,3.7376697,3
9,966,Education,393530,1,967,2006,6,5.594978,4
3,548,Healthcare,9813,1,549,2017,17,3.9918017,3
3,435,Office,29916,1,436,2009,9,4.4759035,3
13,1174,Other,27648,1,1175,1980,20,4.4416637,4
10,1001,Other,4482,1,1002,2003,3,3.6514719,4
1,127,Residential,27071,6,128,2013,13,3.6542728,2
9,909,Entertainment,66121,1,910,2006,6,4.820339,4
11,1030,Education,68030,1,1031,1999,1,4.8327003,4
0,13,Education,99380,1,14,2007,7,4.997299,1
1,133,Residential,64723,8,134,1967,33,3.9079485,2
4,641,Education,109588,8,642,2001,1,4.136657,4
9,937,Residential,10346,1,938,2004,4,4.0147724,4
6,749,Residential,35936,1,750,2014,14,4.5555296,4
0,85,Residential,37241,1,86,1988,12,4.5710216,2
0,71,Parking,387638,1,72,2005,5,5.588426,2
13,1186,Residential,157070,1,1187,1986,14,5.196093,4
2,257,Education,75650,1,258,2008,8,4.878809,3
3,564,Community,89315,1,565,2023,23,4.9509244,3
5,718,Education,25866,2,719,1926,74,4.111699,4
1,141,Office,44789,5,142,1926,74,3.9521625,2
12,1035,Office,14585,1,1036,2012,12,4.1639066,4
9,995,Education,46230,1,996,1988,12,4.6649237,4
8,823,Community,35253,1,824,1995,5,4.547196,4
6,759,Residential,48519,1,760,1989,11,4.6859117,4
9,955,Education,198488,1,956,2004,4,5.2977343,4
3,487,Education,66600,1,488,1966,34,4.8234744,3
2,225,Residential,216526,1,226,1974,26,5.3355103,3
14,1262,Office,65000,1,1263,2013,13,4.8129134,4
9,916,Education,51778,1,917,1993,7,4.714145,4
0,74,Parking,387638,1,75,2004,4,5.588426,2
0,50,Other,4698,1,51,1988,12,3.671913,2
3,524,Community,134114,1,525,1994,6,5.1274743,3
9,962,Community,492898,1,963,2016,16,5.692757,4
3,515,Education,63900,1,516,1928,72,4.805501,3
10,1000,Education,121146,2,1001,1966,34,4.782279,4
3,343,Community,22000,1,344,1994,6,4.3424225,3
8,817,Entertainment,984,1,818,1986,14,2.992995,4
10,1007,Office,41933,2,1008,2016,16,4.3215156,4
15,1352,Office,42755,1,1353,1998,2,4.6309867,4
15,1425,Utility,4071,1,1426,1997,3,3.6097012,4
13,1073,Office,194111,1,1074,2010,10,5.28805,4
0,36,Residential,53130,1,37,2009,9,4.72534,2
13,1096,Parking,83772,1,1097,2015,15,4.923099,4
14,1268,Office,43007,1,1269,2008,8,4.633539,4
13,1118,Services,26926,1,1119,1986,14,4.430172,4
2,285,Utility,21958,1,286,1983,17,4.341593,3
5,717,Education,28826,2,718,1983,17,4.1587543,4
12,1055,Education,86714,4,1056,2002,2,4.336019,4
0,45,Retail,15304,1,46,2023,23,4.184805,2
15,1413,Residential,65999,1,1414,1982,18,4.819537,4
8,840,Other,41861,1,841,1992,8,4.6218095,4
8,814,Community,4371,1,815,2019,19,3.640581,4
4,650,Education,75228,4,651,2000,0,4.2743196,4
6,768,Education,75929,1,769,1990,10,4.880408,4
3,553,Education,37800,1,554,1994,6,4.5774918,3
3,530,Community,144000,1,531,1980,20,5.1583624,3
14,1235,Community,278369,1,1236,2012,12,5.444621,4
2,250,Education,131710,1,251,1998,2,5.119619,3
13,1088,Education,287594,1,1089,2020,20,5.45878,4
15,1342,Education,116854,1,1343,1985,15,5.0676436,4
14,1233,Education,43143,1,1234,2021,21,4.63491,4
15,1382,Community,243072,1,1383,1972,28,5.385735,4
2,168,Education,183460,1,169,2012,12,5.263541,3
4,627,Education,56637,5,628,1960,40,4.054115,3
15,1341,Education,18342,1,1342,1967,33,4.263447,4
3,549,Community,12754,1,550,1975,25,4.1056466,3
4,589,Education,305268,8,590,1959,41,4.5815854,3
9,961,Education,155882,1,962,1992,8,5.1927958,4
15,1421,Education,47934,1,1422,2011,11,4.6806436,4
2,160,Entertainment,15786,1,161,2019,19,4.198272,3
13,1086,Office,143973,1,1087,1977,23,5.158281,4
13,1168,Office,577101,1,1169,2010,10,5.761252,4
9,875,Residential,177708,1,876,2015,15,5.2497067,4
0,88,Entertainment,76527,1,89,2014,14,4.883815,2
15,1366,Office,87977,1,1367,1954,46,4.9443693,4
3,526,Community,7636,1,527,1979,21,3.882866,3
2,287,Office,33713,1,288,1963,37,4.527797,3
5,662,Entertainment,12777,2,663,1983,17,3.8053648,4
4,569,Education,86091,8,570,1971,29,4.0318527,3
3,512,Residential,5000,1,513,2017,17,3.69897,3
14,1323,Office,87200,1,1324,2021,21,4.9405165,4
3,307,Community,10873,1,308,1975,25,4.0363493,3
0,17,Office,15250,1,18,1987,13,4.18327,1
10,998,Education,173479,1,999,1996,4,5.239247,4
0,54,Education,7867,1,55,2018,18,3.8958092,2
11,1028,Education,81390,1,1029,2020,20,4.910571,4
4,617,Education,182943,11,618,1970,30,4.220918,3
1,116,Education,37265,5,117,1977,23,3.8723311,2
13,1137,Office,27452,1,1138,2023,23,4.438574,4
13,1208,Healthcare,121585,1,1209,1978,22,5.08488,4
3,491,Education,66600,1,492,1977,23,4.8234744,3
3,366,Community,9941,1,367,1970,30,3.99743,3
2,221,Education,204349,1,222,2000,0,5.3103724,3
14,1261,Office,42942,1,1262,1966,34,4.632882,4
13,1219,Office,91316,1,1220,1982,18,4.960547,4
14,1254,Education,24979,1,1255,1998,2,4.397575,4
3,478,Residential,31283,1,479,1942,58,4.4953084,3
2,218,Community,16411,1,219,1968,32,4.215135,3
7,793,Education,150695,6,794,1971,29,4.3999333,4
3,481,Education,104294,1,482,1983,17,5.0182595,3
0,79,Office,36240,1,80,2017,17,4.5591884,2
8,872,Community,3627,1,873,1976,24,3.5595477,4
3,342,Residential,15420,1,343,2001,1,4.1880846,3
1,114,Education,139683,13,115,1965,35,4.031166,2
4,593,Education,66203,6,594,2022,22,4.0426936,3
15,1357,Office,21618,1,1358,1971,29,4.3348155,4
3,551,Office,30525,1,552,2020,20,4.484656,3
0,10,Entertainment,370773,1,11,1998,2,5.569108,1
13,1128,Office,58703,1,1129,1998,2,4.76866,4
12,1058,Education,84346,1,1059,2020,20,4.9260645,4
3,488,Education,69600,1,489,1915,85,4.8426094,3
9,972,Education,282152,1,973,1975,25,5.4504833,4
3,324,Entertainment,11910,1,325,1979,21,4.075912,3
2,193,Office,6203,1,194,2006,6,3.7926018,3
15,1430,Office,53303,1,1431,1988,12,4.726752,4
2,209,Education,193294,1,210,2013,13,5.286218,3
9,920,Education,85623,1,921,2019,19,4.9325905,4
4,629,Education,40835,6,630,1938,62,3.832828,3
15,1420,Entertainment,95079,1,1421,1982,18,4.9780846,4
8,863,Community,19823,1,864,2007,7,4.297169,4
3,314,Education,225000,1,315,1995,5,5.3521824,3
2,192,Education,151637,1,193,1990,10,5.180805,3
2,244,Education,95717,1,245,1975,25,4.980989,3
0,37,Residential,53130,1,38,2009,9,4.72534,2
7,795,Education,387500,6,796,1967,33,4.810118,4
15,1428,Education,28432,1,1429,1940,60,4.4538074,4
13,1079,Education,14185,1,1080,2022,22,4.1518292,4
13,1115,Services,42028,1,1116,1994,6,4.6235385,4
12,1044,Education,150673,4,1045,1978,22,4.5759726,4
2,289,Entertainment,9666,1,290,2012,12,3.985247,3
8,842,Community,7292,1,843,1976,24,3.8628466,4
0,92,Office,10779,1,93,1977,23,4.0325785,2
3,477,Community,21600,1,478,1992,8,4.3344536,3
14,1229,Office,27646,1,1230,1999,1,4.4416323,4
3,305,Office,8637,1,306,1990,10,3.936363,3
7,789,Education,64583,1,790,1930,70,4.810118,4
4,651,Parking,306140,5,652,2014,14,4.78695,4
4,576,Education,86465,7,577,2021,21,4.0917373,3
3,356,Community,4336,1,357,1992,8,3.6370893,3
3,303,Entertainment,15950,1,304,2019,19,4.2027607,3
3,545,Education,21903,1,546,1938,62,4.3405037,3
9,945,Office,332447,1,946,2023,23,5.5217223,4
15,1356,Education,91253,1,1357,2004,4,4.960247,4
14,1238,Office,129707,1,1239,2009,9,5.112963,4
8,847,Entertainment,9303,1,848,1989,11,3.968623,4
5,730,Education,126045,4,731,1973,27,4.498462,4
8,819,Community,6351,1,820,1977,23,3.8028421,4
15,1364,Utility,74922,1,1365,1947,53,4.8746095,4
2,246,Office,202435,1,247,1974,26,5.3062854,3
2,242,Parking,157113,1,243,1994,6,5.1962123,3
10,1023,Education,87976,2,1024,1976,24,4.6433344,4
13,1119,Office,119509,1,1120,2002,2,5.0774007,4
4,633,Parking,98539,2,634,1996,4,4.6925735,4
3,388,Community,30810,1,389,1981,19,4.488692,3
6,774,Residential,93500,1,775,2003,3,4.970812,4
3,308,Community,5033,1,309,1970,30,3.701827,3
3,543,Entertainment,801,1,544,1978,22,2.9036324,3
8,841,Office,5680,1,842,1997,3,3.7543483,4
0,80,Office,156111,1,81,2008,8,5.1934333,2
5,726,Education,120566,2,727,1952,48,4.7801948,4
9,986,Office,34072,1,987,2012,12,4.5323977,4
3,322,Education,37083,1,323,1915,85,4.569175,3
13,1071,Office,10385,1,1072,1996,4,4.0164065,4
2,205,Residential,60086,1,206,2008,8,4.7787733,3
3,468,Office,40000,1,469,2004,4,4.60206,3
0,98,Residential,200933,1,99,2014,14,5.3030515,2
13,1213,Warehouse,39464,1,1214,2006,6,4.596201,4
2,197,Community,102856,1,198,1987,13,5.0122294,3
3,315,Entertainment,20644,1,316,2021,21,4.314794,3
1,137,Entertainment,64024,6,138,1974,26,4.0281644,2
13,1130,Education,280225,1,1131,2013,13,5.447507,4
8,856,Entertainment,2956,1,857,2012,12,3.4707043,4
13,1120,Services,70040,1,1121,1995,5,4.845346,4
13,1070,Residential,230747,1,1071,2022,22,5.3631363,4
13,1094,Office,70852,1,1095,2022,22,4.8503523,4
4,575,Technology,33167,4,576,1970,30,3.918607,3
9,879,Education,110235,1,880,2005,5,5.0423193,4
7,802,Education,290625,19,803,2002,2,4.184578,4
2,167,Residential,86323,1,168,1963,37,4.9361267,3
3,429,Community,11934,1,430,1937,63,4.076786,3
8,844,Entertainment,6944,1,845,1969,31,3.8416097,4
3,319,Community,13100,1,320,1936,64,4.1172714,3
2,252,Education,4314,1,253,1914,86,3.63488,3
4,592,Education,120694,7,593,2019,19,4.2365875,3
2,178,Office,23392,1,179,2013,13,4.369067,3
3,511,Community,12316,1,512,1990,10,4.09047,3
14,1270,Entertainment,18551,1,1271,2001,1,4.2683673,4
2,281,Restaurant,28862,1,282,1972,28,4.460326,3
2,219,Education,96124,1,220,1966,34,4.982832,3
4,623,Education,49388,6,624,1938,62,3.9154527,3
2,177,Entertainment,167066,1,178,1996,4,5.222888,3
15,1354,Education,23232,1,1355,1969,31,4.3660865,4
12,1065,Office,12152,1,1066,1999,1,4.0846477,4
14,1281,Office,103138,1,1282,2012,12,5.0134187,4
13,1197,Services,50552,1,1198,2021,21,4.703738,4
3,325,Education,59200,1,326,1966,34,4.7723217,3
13,1101,Office,71936,1,1102,1967,33,4.8569465,4
0,30,Education,93897,1,31,2006,6,4.9726515,1
5,706,Education,27685,2,707,1926,74,4.1411986,4
5,725,Education,13789,1,726,1926,74,4.1395326,4
4,648,Education,154706,11,649,2016,16,4.148109,4
3,392,Education,53000,1,393,1919,81,4.724276,3
0,66,Residential,37241,1,67,1988,12,4.5710216,2
1,153,Office,16092,3,154,1972,28,3.7294888,2
3,483,Education,207000,1,484,1942,58,5.3159704,3
0,102,Office,15876,1,103,1990,10,4.2007413,2
8,852,Community,10800,1,853,2015,15,4.033424,4
1,118,Education,138316,8,119,1967,33,4.23777,2
3,472,Education,69400,1,473,1918,82,4.8413596,3
5,666,Entertainment,12045,1,667,1983,17,4.0808067,4
8,835,Entertainment,17220,1,836,1973,27,4.236033,4
14,1228,Office,162549,1,1229,1975,25,5.210984,4
1,135,Residential,66532,10,136,1974,26,3.8230176,2
2,187,Education,44203,1,188,1957,43,4.6454515,3
1,140,Office,50020,11,141,2021,21,3.6577249,2
10,1005,Office,26325,1,1006,1979,21,4.420368,4
5,673,Entertainment,36307,2,674,1983,17,4.2589483,4
6,783,Entertainment,143110,1,784,2015,15,5.15567,4
15,1358,Residential,61439,1,1359,1910,90,4.788444,4
13,1098,Office,131745,1,1099,1999,1,5.1197343,4
6,779,Residential,113000,1,780,2000,0,5.0530787,4
9,899,Education,225014,1,900,2019,19,5.3522096,4
0,100,Residential,24456,1,101,1975,25,4.3883853,2
0,103,Education,21657,1,104,2023,23,4.3355985,2
9,951,Office,103924,1,952,1973,27,5.016716,4
13,1126,Education,72332,1,1127,1976,24,4.8593307,4
3,497,Community,7732,1,498,2000,0,3.8882918,3
0,22,Education,3569,1,23,2003,3,3.5525465,1
2,284,Entertainment,230259,1,285,1982,18,5.3622165,3
6,781,Residential,128044,1,782,1972,28,5.1073594,4
15,1438,Education,108971,1,1439,1997,3,5.037311,4
6,765,Entertainment,58562,1,766,2022,22,4.767616,4
3,360,Education,69600,1,361,1956,44,4.8426094,3
0,86,Education,10932,1,87,1993,7,4.0386996,2
2,267,Entertainment,72193,1,268,2020,20,4.858495,3
2,189,Education,7481,1,190,1976,24,3.8739595,3
8,832,Community,26507,1,833,1991,9,4.4233603,4
6,784,Education,190817,1,785,1971,29,5.280617,4
13,1205,Parking,178270,1,1206,1984,16,5.251078,4
14,1273,Office,104089,1,1274,1987,13,5.017405,4
3,350,Education,83800,1,351,1951,49,4.923244,3
15,1344,Education,125507,1,1345,1981,19,5.098668,4
2,206,Community,345837,1,207,1973,27,5.5388713,3
6,762,Education,53651,1,763,2004,4,4.729578,4
13,1153,Technology,89456,1,1154,2014,14,4.9516096,4
4,621,Parking,387,1,622,1962,38,2.5877109,3
7,799,Education,527431,26,800,1983,17,4.307175,4
12,1060,Entertainment,71806,1,1061,2006,6,4.8561606,4
2,161,Education,11329,1,162,2006,6,4.0541916,3
13,1142,Office,103718,1,1143,2003,3,5.0158544,4
3,409,Education,38500,1,410,2023,23,4.5854607,3
8,818,Community,3648,1,819,1968,32,3.5620549,4
2,253,Education,65907,1,254,1971,29,4.8189316,3
3,494,Education,72800,1,495,1966,34,4.8621316,3
4,565,Education,15326,2,566,1961,39,3.884399,3
4,607,Education,34825,2,608,2006,6,4.2408485,3
4,573,Education,23815,4,574,1921,79,3.774736,3
0,38,Office,12769,1,39,2020,20,4.106157,2
15,1373,Education,105434,1,1374,2021,21,5.0229807,4
0,3,Education,23685,1,4,2009,9,4.3744736,1
14,1234,Education,46037,1,1235,2019,19,4.663107,4
8,837,Community,33246,1,838,2010,10,4.5217395,4
14,1311,Residential,66794,1,1312,1968,32,4.8247375,4
3,336,Education,43000,1,337,1930,70,4.6334686,3
15,1394,Entertainment,16351,1,1395,2009,9,4.2135444,4
3,323,Education,282200,1,324,1935,65,5.450557,3
2,290,Office,51732,1,291,1973,27,4.7137594,3
5,713,Education,14973,2,714,1983,17,3.87425,4
5,656,Other,5769,1,657,1983,17,3.7611005,4
13,1135,Education,150393,1,1136,1976,24,5.1772275,4
3,558,Office,89315,1,559,2018,18,4.9509244,3
3,447,Community,21472,1,448,2018,18,4.3318725,3
5,722,Education,31635,3,723,1973,27,4.0230465,4
2,283,Entertainment,51920,1,284,2021,21,4.715335,3
1,139,Community,56629,6,140,1907,93,3.97488,2
13,1200,Entertainment,545351,1,1201,2021,21,5.736676,4
2,181,Education,148829,1,182,2021,21,5.1726875,3
8,824,Community,7820,1,825,2019,19,3.8932068,4
3,522,Office,8000,1,523,1969,31,3.90309,3
0,24,Education,105545,1,25,2008,8,5.0234375,1
2,279,Education,49384,1,280,1974,26,4.6935863,3
13,1190,Office,39807,1,1191,2000,0,4.5999594,4
3,326,Entertainment,45548,1,327,2010,10,4.658469,3
2,232,Entertainment,24345,1,233,1988,12,4.3864098,3
1,134,Residential,49589,8,135,2005,5,3.7922516,2
6,752,Community,38671,1,753,1987,13,4.587385,4
4,610,Entertainment,30160,4,611,1965,35,3.8773713,3
9,882,Education,39143,1,883,2010,10,4.592654,4
15,1432,Education,160673,1,1433,1975,25,5.205943,4
8,804,Office,175618,1,805,1978,22,5.244569,4
7,800,Education,64583,2,801,1962,38,4.5090814,4
5,674,Entertainment,149704,8,675,1983,17,4.2721434,4
8,815,Entertainment,666,1,816,1980,20,2.8234742,4
8,820,Entertainment,648,1,821,1997,3,2.811575,4
15,1391,Entertainment,68693,1,1392,1963,37,4.8369126,4
8,855,Office,48300,1,856,1973,27,4.683947,4
3,371,Entertainment,5554,1,372,1978,22,3.7446058,3
3,562,Education,235000,1,563,2020,20,5.371068,3
1,142,Office,45348,4,143,1993,7,4.054498,2
3,554,Entertainment,26187,1,555,2023,23,4.4180856,3
3,304,Entertainment,194300,1,305,1907,93,5.2884727,3
9,983,Entertainment,122122,1,984,1981,19,5.086794,4
3,461,Education,69400,1,462,1966,34,4.8413596,3
15,1429,Education,40461,1,1430,2009,9,4.6070366,4
7,792,Education,333681,3,793,1945,55,5.0462103,4
3,348,Community,10577,1,349,1976,24,4.0243626,3
3,403,Education,49500,1,404,1969,31,4.6946054,3
15,1431,Community,111360,1,1432,2007,7,5.046729,4
10,1026,Residential,88480,1,1027,2005,5,4.946845,4
0,28,Office,52957,1,29,2023,23,4.723923,1
12,1049,Education,94399,1,1050,2008,8,4.9749675,4
15,1345,Education,20889,1,1346,1983,17,4.3199177,4
8,859,Community,4000,1,860,1987,13,3.60206,4
15,1380,Education,204029,1,1381,2017,17,5.309692,4
9,989,Education,168696,1,990,1976,24,5.2271047,4
9,964,Education,130577,1,965,1975,25,5.1158667,4
13,1129,Office,133100,1,1130,1970,30,5.124178,4
6,756,Residential,44352,1,757,1998,2,4.646913,4
2,258,Education,71224,1,259,1984,16,4.8526263,3
3,321,Community,15913,1,322,1973,27,4.201752,3
13,1184,Residential,74584,1,1185,2022,22,4.872646,4
1,132,Residential,83108,8,133,2002,2,4.016532,2
2,220,Education,122592,1,221,1978,22,5.0884624,3
3,498,Entertainment,14842,1,499,1991,9,4.1714926,3
3,521,Community,12000,1,522,1983,17,4.079181,3
9,970,Services,346056,1,971,1989,11,5.5391464,4
3,411,Entertainment,6139,1,412,1973,27,3.7880976,3
12,1064,Education,131212,1,1065,2023,23,5.1179733,4
4,646,Education,58733,6,647,1930,70,3.990694,4
13,1077,Entertainment,19454,1,1078,1996,4,4.289009,4
3,445,Education,40950,1,446,1917,83,4.612254,3
15,1406,Residential,136522,1,1407,2012,12,5.1352024,4
15,1335,Community,136817,1,1336,1960,40,5.13614,4
6,745,Education,13512,1,746,1967,33,4.1307197,4
2,259,Education,77469,1,260,2017,17,4.8891277,3
13,1141,Parking,20986,1,1142,1975,25,4.3219295,4
2,222,Entertainment,11935,1,223,1946,54,4.0768223,3
2,196,Entertainment,40531,1,197,1982,18,4.607787,3
3,320,Education,105500,1,321,1975,25,5.0232525,3
2,255,Education,49078,1,256,1921,79,4.690887,3
15,1347,Education,322341,1,1348,2002,2,5.5083156,4
0,23,Education,130885,1,24,1992,8,5.11689,1
3,357,Residential,2000,1,358,2012,12,3.30103,3
8,862,Other,27640,1,863,2011,11,4.441538,4
15,1407,Residential,83141,1,1408,2013,13,4.919815,4
5,696,Education,19041,2,697,1983,17,3.978637,4
8,854,Entertainment,92288,1,855,2004,4,4.965145,4
1,107,Education,97532,10,108,2012,12,3.9891381,2
5,724,Education,88856,2,725,1983,17,4.647657,4
15,1400,Residential,21168,1,1401,1935,65,4.32568,4
4,571,Education,47954,3,572,1987,13,4.2036853,3
7,791,Education,150695,5,792,2008,8,4.479129,4
4,624,Education,46204,5,625,1948,52,3.965672,3
9,930,Office,20917,1,931,2003,3,4.3204994,4
9,903,Education,275793,1,904,2021,21,5.440583,4
9,956,Office,86167,1,957,1994,6,4.935341,4
8,827,Office,5839,1,828,1996,4,3.7663386,4
0,33,Residential,38686,1,34,2009,9,4.587554,2
3,502,Community,6010,1,503,2010,10,3.7788744,3
8,826,Community,19446,1,827,1973,27,4.2888303,4
3,375,Office,850354,1,376,1996,4,5.9296,3
3,385,Community,18432,1,386,1980,20,4.2655725,3
8,809,Entertainment,520,1,810,1988,12,2.7160034,4
3,328,Education,47200,1,329,1942,58,4.673942,3
13,1166,Office,63771,1,1167,2008,8,4.804623,4
13,1138,Education,39988,1,1139,2011,11,4.6019297,4
0,8,Education,60809,1,9,2010,10,4.783968,1
4,579,Education,7781,4,580,1917,83,3.2889197,3
8,836,Community,8168,1,837,1999,1,3.9121158,4
13,1146,Community,83155,1,1147,2016,16,4.9198885,4
2,180,Education,24586,1,181,2002,2,4.390688,3
15,1362,Education,113988,1,1363,1930,70,5.056859,4
2,203,Residential,63348,1,204,2014,14,4.801733,3
5,682,Entertainment,64153,5,683,2004,4,4.108227,4
14,1277,Office,45240,1,1278,1979,21,4.655523,4
9,985,Office,34758,1,986,1972,28,4.5410547,4
5,681,Community,41861,3,682,1926,74,4.1446676,4
3,534,Entertainment,898,1,535,2003,3,2.9532764,3
3,493,Education,283000,1,494,2021,21,5.4517865,3
10,1008,Education,74420,2,1009,1970,30,4.5706596,4
6,777,Residential,105791,1,778,2005,5,5.024449,4
3,465,Office,6400,1,466,2010,10,3.80618,3
4,580,Education,104016,4,581,1967,33,4.41504,3
2,190,Education,137040,1,191,1964,36,5.1368475,3
8,850,Community,28590,1,851,2003,3,4.456214,4
13,1167,Office,52748,1,1168,1999,1,4.722206,4
12,1034,Retail,3907,1,1035,2007,7,3.5918434,4
2,286,Residential,32841,1,287,1942,58,4.5164165,3
11,1032,Education,127632,1,1033,2010,10,5.1059594,4
15,1369,Entertainment,53194,1,1370,1960,40,4.7258625,4
13,1212,Community,237518,1,1213,1967,33,5.3756967,4
3,406,Entertainment,2347,1,407,1992,8,3.3705132,3
3,442,Education,70800,1,443,1971,29,4.8500333,3
8,805,Entertainment,3200,1,806,2017,17,3.50515,4
12,1045,Office,33530,1,1046,2018,18,4.5254335,4
8,851,Community,16682,1,852,1987,13,4.222248,4
1,113,Education,100481,9,114,1965,35,4.0478196,2
6,755,Office,42129,1,756,2000,0,4.6245813,4
5,703,Education,34563,1,704,1973,27,4.5386114,4
3,462,Community,9226,1,463,2004,4,3.9650135,3
3,318,Office,105000,1,319,1995,5,5.021189,3
14,1297,Office,21469,1,1298,1983,17,4.331812,4
15,1374,Office,159662,1,1375,1963,37,5.203202,4
5,712,Education,22949,1,713,1983,17,4.3607635,4
3,500,Education,99975,1,501,1975,25,4.9998913,3
5,688,Office,52302,2,689,1973,27,4.417488,4
15,1444,Entertainment,19619,1,1445,1921,79,4.292677,4
10,1024,Education,53855,2,1025,2006,6,4.430188,4
11,1031,Education,93206,1,1032,1995,5,4.969444,4
4,632,Education,41297,6,633,1966,34,3.8377147,4
3,475,Office,474680,1,476,1993,7,5.676401,3
5,720,Education,18202,2,721,1926,74,3.959089,4
3,312,Entertainment,6625,1,313,1981,19,3.8211858,3
3,563,Office,31346,1,564,2012,12,4.496182,3
14,1305,Residential,37803,1,1306,2022,22,4.577526,4
2,237,Community,101262,1,238,1989,11,5.0054464,3
9,885,Residential,40697,1,886,1990,10,4.6095624,4
13,1069,Office,20864,1,1070,1985,15,4.3193974,4
3,316,Community,78550,1,317,2013,13,4.8951464,3
2,156,Community,43681,1,157,2014,14,4.6402926,3
8,839,Office,14150,1,840,1995,5,4.1507564,4
13,1133,Office,82302,1,1134,2008,8,4.9154105,4
3,439,Office,62205,1,440,1999,1,4.793825,3
0,72,Parking,387638,1,73,2009,9,5.588426,2
3,369,Community,6431,1,370,1984,16,3.8082786,3
15,1445,Education,4298,1,1446,1979,21,3.6332664,4
3,438,Community,36562,1,439,1970,30,4.56303,3
0,12,Residential,37100,1,13,2006,6,4.569374,1
4,583,Education,206054,9,584,1957,43,4.3597217,3
2,264,Office,83660,1,265,1980,20,4.922518,3
3,436,Residential,15574,1,437,1978,22,4.1924,3
4,616,Education,117814,6,617,1966,34,4.2930307,3
12,1040,Office,126960,1,1041,1999,1,5.103667,4
0,78,Education,76257,1,79,2014,14,4.88228,2
13,1091,Residential,233341,1,1092,2002,2,5.367991,4
0,101,Office,18860,1,102,1993,7,4.275542,2
15,1405,Residential,142901,1,1406,2014,14,5.1550355,4
5,738,Education,95433,4,739,1973,27,4.377634,4
5,660,Entertainment,5447,1,661,1983,17,3.7361574,4
0,104,Office,45330,1,105,2010,10,4.656386,2
2,240,Residential,111304,1,241,1971,29,5.0465107,3
9,988,Office,24463,1,989,1990,10,4.3885098,4
1,151,Office,30495,8,152,2004,4,3.581039,2
3,496,Community,16200,1,497,1994,6,4.209515,3
15,1334,Office,130794,1,1335,1940,60,5.1165876,4
13,1087,Office,56569,1,1088,2004,4,4.7525787,4
14,1231,Education,13220,1,1232,2015,15,4.1212316,4
0,34,Residential,42731,1,35,2009,9,4.630743,2
1,136,Residential,56467,9,137,1967,33,3.7975445,2
3,415,Education,41329,1,416,1969,31,4.616255,3
4,636,Education,6564,3,637,1916,84,3.3400474,4
9,887,Residential,69754,1,888,2017,17,4.8435693,4
2,273,Office,140345,1,274,2020,20,5.147197,3
0,31,Education,61904,1,32,2008,8,4.7917185,2
4,644,Entertainment,261091,3,645,1930,70,4.939669,4
6,773,Residential,93313,1,774,1971,29,4.969942,4
2,243,Parking,557217,1,244,2011,11,5.746024,3
5,671,Residential,7589,3,672,1983,17,3.4029489,4
15,1435,Education,9552,1,1436,1968,32,3.9800944,4
3,300,Education,62800,1,301,2021,21,4.79796,3
9,935,Office,16135,1,936,1985,15,4.207769,4
14,1272,Community,247471,1,1273,1987,13,5.393524,4
6,763,Office,54597,1,764,1979,21,4.737169,4
15,1414,Residential,65663,1,1415,1982,18,4.817321,4
3,410,Education,64113,1,411,1931,69,4.8069463,3
3,408,Entertainment,16098,1,409,1936,64,4.206772,3
2,224,Education,272278,1,225,1962,38,5.4350123,3
2,235,Education,9309,1,236,1977,23,3.968903,3
10,1014,Office,43094,3,1015,2019,19,4.157275,4
3,533,Residential,11900,1,534,1983,17,4.0755467,3
14,1278,Education,79949,1,1279,1968,32,4.902813,4
10,1010,Office,11419,1,1011,1997,3,4.057628,4
9,942,Residential,57334,1,943,2021,21,4.7584124,4
14,1267,Education,138977,1,1268,1979,21,5.142943,4
12,1052,Retail,45305,2,1053,2000,0,4.3551064,4
2,230,Education,10334,1,231,1985,15,4.0142684,3
14,1255,Office,23702,1,1256,2004,4,4.374785,4
9,978,Education,258491,1,979,1978,22,5.4124455,4
14,1283,Community,76537,1,1284,1987,13,4.8838716,4
8,810,Entertainment,3729,1,811,2001,1,3.5715923,4
2,159,Education,9788,1,160,2006,6,3.990694,3
5,668,Entertainment,47275,2,669,1983,17,4.3735924,4
9,968,Education,153999,1,969,2002,2,5.187518,4
5,737,Education,14790,1,738,1983,17,4.169968,4
9,969,Education,193723,1,970,1966,34,5.2871814,4
9,897,Education,37775,1,898,1976,24,4.5772047,4
8,807,Entertainment,3000,1,808,1998,2,3.4771214,4
15,1325,Entertainment,155177,1,1326,1922,78,5.1908274,4
0,41,Office,93860,1,42,1975,25,4.972481,2
15,1397,Residential,19984,1,1398,1921,79,4.3006825,4
3,291,Community,90635,1,292,2018,18,4.957296,3
2,213,Education,49662,1,214,1971,29,4.6960244,3
9,912,Education,52559,1,913,2008,8,4.720647,4
2,269,Entertainment,809530,1,270,1965,35,5.908233,3
2,200,Entertainment,143093,1,201,1971,29,5.155618,3
5,716,Education,37265,3,717,1926,74,4.0941567,4
13,1075,Office,72709,1,1076,1993,7,4.861588,4
8,857,Entertainment,4000,1,858,2013,13,3.60206,4
3,416,Community,7079,1,417,2021,21,3.849972,3
15,1368,Entertainment,199037,1,1369,1956,44,5.298934,4
13,1172,Industrial,63847,1,1173,2016,16,4.8051405,4
2,162,Education,98829,1,163,1975,25,4.9948845,3
3,329,Entertainment,3133,1,330,1991,9,3.4959605,3
12,1041,Education,8073,1,1042,1974,26,3.9070349,4
2,251,Education,12773,1,252,1998,2,4.1062927,3
4,640,Entertainment,36180,9,641,1973,27,3.604226,4
15,1383,Education,105612,1,1384,1974,26,5.023713,4
15,1434,Education,33148,1,1435,1974,26,4.5204573,4
3,453,Community,24875,1,454,1991,9,4.395763,3
8,830,Warehouse,15120,1,831,2023,23,4.1795516,4
8,816,Entertainment,356,1,817,2021,21,2.55145,4
12,1050,Office,50493,2,1051,1973,27,4.4021926,4
4,630,Education,93420,5,631,1955,45,4.27147,3
14,1279,Office,64743,1,1280,2015,15,4.811193,4
3,299,Education,356000,1,300,2021,21,5.55145,3
9,936,Residential,11350,1,937,1975,25,4.054996,4
14,1264,Education,33012,1,1265,1996,4,4.518672,4
2,169,Education,179559,1,170,2013,13,5.254207,3
9,923,Education,24992,1,924,1976,24,4.397801,4
10,1015,Other,4607,1,1016,1974,26,3.6634183,4
9,943,Entertainment,5682,1,944,1967,33,3.7545013,4
9,928,Education,179115,1,929,2012,12,5.253132,4
2,274,Office,42214,1,275,1992,8,4.6254563,3
2,282,Office,28750,1,283,1966,34,4.4586377,3
3,419,Education,271300,1,420,1947,53,5.4334497,3
14,1246,Office,50327,1,1247,2004,4,4.701801,4
5,695,Education,121062,3,696,1983,17,4.6058865,4
13,1204,Office,38382,1,1205,2001,1,4.5841274,4
9,960,Education,56137,1,961,1991,9,4.749249,4
7,797,Education,764237,13,798,1986,14,4.7692814,4
15,1343,Office,110380,1,1344,1992,8,5.0428905,4
0,6,Residential,27926,1,7,1988,12,4.4460087,1
0,9,Office,27000,1,10,2017,17,4.4313636,1
5,740,Education,37975,1,741,1983,17,4.579498,4
3,397,Community,54061,1,398,2013,13,4.732884,3
3,473,Community,46007,1,474,1957,43,4.6628237,3
6,785,Education,250000,1,786,2011,11,5.39794,4
15,1393,Entertainment,151900,1,1394,1997,3,5.1815577,4
9,975,Entertainment,426472,1,976,1975,25,5.6298904,4
13,1191,Education,192152,1,1192,2005,5,5.2836447,4
3,517,Residential,2210,1,518,2014,14,3.3443923,3
2,239,Residential,106440,1,240,1970,30,5.027105,3
5,659,Entertainment,15306,2,660,1983,17,3.8838317,4
4,642,Education,30401,4,643,1984,16,3.8808136,4
15,1365,Residential,129664,1,1366,1948,52,5.112819,4
4,585,Community,132394,7,586,1956,44,4.2767606,3
3,376,Office,585955,1,377,1949,51,5.767864,3
3,386,Entertainment,17262,1,387,2010,10,4.237091,3
0,65,Residential,53130,1,66,2008,8,4.72534,2
15,1379,Office,49553,1,1380,1970,30,4.69507,4
9,925,Education,54405,1,926,2012,12,4.7356386,4
9,886,Education,69799,1,887,1967,33,4.843849,4
0,63,Residential,41617,1,64,2008,8,4.619271,2
9,984,Services,214252,1,985,1978,22,5.330925,4
3,431,Parking,1760,1,432,1991,9,3.2455127,3
0,5,Education,8000,1,6,2007,7,3.90309,1
13,1198,Education,85164,1,1199,1975,25,4.930256,4
15,1360,Entertainment,111530,1,1361,1995,5,5.047392,4
14,1319,Entertainment,287419,1,1320,1985,15,5.4585156,4
0,20,Education,110272,1,21,1984,16,5.042465,1
8,867,Community,65913,1,868,2008,8,4.818971,4
1,154,Office,34455,8,155,1914,86,3.634074,2
2,207,Community,99700,1,208,1993,7,4.9986954,3
14,1275,Office,114166,1,1276,2021,21,5.0575366,4
2,173,Education,90903,1,174,1967,33,4.958578,3
4,639,Education,14524,2,640,1971,29,3.8610563,4
1,124,Education,38319,6,125,1907,93,3.805229,2
8,848,Office,8552,1,849,2011,11,3.9320676,4
15,1372,Education,16289,1,1373,1964,36,4.2118945,4
13,1215,Parking,100328,1,1216,2021,21,5.001422,4
9,994,Education,108392,1,995,2007,7,5.0349975,4
3,557,Community,19000,1,558,1972,28,4.2787538,3
3,393,Education,59400,1,394,1907,93,4.7737865,3
14,1312,Residential,75000,1,1313,1978,22,4.875061,4
12,1054,Education,204998,4,1055,1993,7,4.7096853,4
7,790,Education,86111,8,791,1918,82,4.0319333,4
3,417,Education,69600,1,418,1985,15,4.8426094,3
4,652,Education,150887,9,653,1966,34,4.2244034,4
14,1292,Office,58196,1,1293,1987,13,4.764893,4
13,1175,Industrial,81372,1,1176,2018,18,4.910475,4
8,845,Entertainment,860,1,846,1969,31,2.9344985,4
6,782,Education,129344,1,783,1988,12,5.1117463,4
3,451,Entertainment,5013,1,452,1989,11,3.7000978,3
3,302,Education,57100,1,303,2022,22,4.756636,3
2,185,Education,84300,1,186,1996,4,4.9258275,3
4,586,Community,166514,5,587,1924,76,4.5224705,3
5,732,Education,66187,1,733,1983,17,4.8207726,4
9,877,Office,8004,1,878,2003,3,3.903307,4
4,600,Education,44182,5,601,1924,76,3.9462557,3
0,46,Retail,9045,1,47,2023,23,3.9564085,2
9,922,Education,147205,1,923,1978,22,5.1679225,4
5,715,Education,23153,2,716,1983,17,4.0635586,4
3,345,Residential,7250,1,346,1982,18,3.860338,3
